num_of_nodes,execution_time,time_coverage,area,num_of_params,time_coverage_start,time_coverage_end,timestamp_end,execution_date
1,20.192,31539600.0,10066275204.2,202,1999-01-01 00:00:19,2000-01-01 01:00:19,946688419.0,2017-06-16 03:21:09
1,20.108,31539600.0,10066275204.2,403,1999-01-01 00:00:19,2000-01-01 01:00:19,946688419.0,2017-06-16 03:21:29
1,20.107,31539600.0,10066275204.2,412,1999-01-01 00:00:19,2000-01-01 01:00:19,946688419.0,2017-06-16 03:21:49
1,94.336,189392400.0,10066275204.2,202,1999-01-01 00:00:19,2005-01-01 01:00:19,1104541219.0,2017-06-16 03:22:09
1,94.906,189392400.0,10066275204.2,403,1999-01-01 00:00:19,2005-01-01 01:00:19,1104541219.0,2017-06-16 03:23:44
1,94.926,189392400.0,10066275204.2,412,1999-01-01 00:00:19,2005-01-01 01:00:19,1104541219.0,2017-06-16 03:25:19
1,710.035,347158800.0,10066275204.2,202,1999-01-01 00:00:19,2010-01-01 01:00:19,1262307619.0,2017-06-16 03:26:54
1,710.051,347158800.0,10066275204.2,403,1999-01-01 00:00:19,2010-01-01 01:00:19,1262307619.0,2017-06-16 03:38:44
1,700.035,347158800.0,10066275204.2,412,1999-01-01 00:00:19,2010-01-01 01:00:19,1262307619.0,2017-06-16 03:50:34
1,2490.452,504925200.0,10066275204.2,202,1999-01-01 00:00:19,2015-01-01 01:00:19,1420074019.0,2017-06-16 04:02:14
1,2460.414,504925200.0,10066275204.2,403,1999-01-01 00:00:19,2015-01-01 01:00:19,1420074019.0,2017-06-16 04:43:45
1,2480.408,504925200.0,10066275204.2,412,1999-01-01 00:00:19,2015-01-01 01:00:19,1420074019.0,2017-06-16 05:24:45
1,3910.732,662691600.0,10066275204.2,202,1999-01-01 00:00:19,2020-01-01 01:00:19,1577840419.0,2017-06-16 06:06:06
1,3925.708,662691600.0,10066275204.2,403,1999-01-01 00:00:19,2020-01-01 01:00:19,1577840419.0,2017-06-16 07:11:17
1,3920.731,662691600.0,10066275204.2,412,1999-01-01 00:00:19,2020-01-01 01:00:19,1577840419.0,2017-06-16 08:16:43
1,3864.233,671587619.0,10066275204.2,412,1999-01-01 00:00:19,2020-04-13 00:07:18,1586736438.0,2017-06-16 14:03:36
1,3865.688,671587619.0,20132550408.3,412,1999-01-01 00:00:19,2020-04-13 00:07:18,1586736438.0,2017-06-16 15:08:00
1,3855.664,671587619.0,30198825612.5,412,1999-01-01 00:00:19,2020-04-13 00:07:18,1586736438.0,2017-06-16 16:12:26
1,3920.666,671587619.0,40265100816.7,412,1999-01-01 00:00:19,2020-04-13 00:07:18,1586736438.0,2017-06-16 17:16:42
1,3905.678,671587619.0,50331376020.8,412,1999-01-01 00:00:19,2020-04-13 00:07:18,1586736438.0,2017-06-16 18:22:03
1,3905.669,671587619.0,60397651225.0,412,1999-01-01 00:00:19,2020-04-13 00:07:18,1586736438.0,2017-06-16 19:27:09
1,3945.586,671587619.0,20007919401.0,412,1999-01-01 00:00:19,2020-04-13 00:07:18,1586736438.0,2017-06-16 20:32:15
1,4050.673,671587619.0,40015838802.0,412,1999-01-01 00:00:19,2020-04-13 00:07:18,1586736438.0,2017-06-16 21:38:00
1,3995.723,671587619.0,60023758203.0,412,1999-01-01 00:00:19,2020-04-13 00:07:18,1586736438.0,2017-06-16 22:45:31
1,3975.682,671587619.0,80031677604.1,412,1999-01-01 00:00:19,2020-04-13 00:07:18,1586736438.0,2017-06-16 23:52:07
1,4000.662,671587619.0,1.00039597005e+11,412,1999-01-01 00:00:19,2020-04-13 00:07:18,1586736438.0,2017-06-17 00:58:23
1,4000.672,671587619.0,1.20047516406e+11,412,1999-01-01 00:00:19,2020-04-13 00:07:18,1586736438.0,2017-06-17 02:05:04
1,48.321228981,157766400.0,122184710.733,412,1999-01-01 00:00:19,2004-01-01 00:00:19,1072915219.0,2017-06-18 18:34:15
1,45.7665159702,157766400.0,122184710.733,412,1999-01-01 00:00:19,2004-01-01 00:00:19,1072915219.0,2017-06-18 18:35:09
1,50.8742921352,157766400.0,122184710.733,412,1999-01-01 00:00:19,2004-01-01 00:00:19,1072915219.0,2017-06-18 18:36:03
1,0.623538970947,19720800.0,122184710.733,412,1999-01-01 00:00:19,1999-08-17 06:00:19,934869619.0,2017-06-18 19:06:52
1,4.52552986145,78883200.0,122184710.733,412,1999-01-01 00:00:19,2001-07-02 00:00:19,994032019.0,2017-06-18 19:08:03
1,0.392126083374,2465100.0,122184710.733,412,1999-01-01 00:00:19,1999-01-29 12:45:19,917613919.0,2017-06-18 19:09:13
1,8.98185682297,22185908.0,122184710.733,412,2001-10-24 03:00:47,2002-07-07 21:45:55,1026078355.0,2017-06-18 19:09:14
1,2.71209597588,0.0,122184710.733,412,2004-01-01 00:00:19,2004-01-01 00:00:19,1072915219.0,2017-06-18 19:09:23
1,2.62811899185,0.0,122184710.733,412,2004-01-01 00:00:19,2004-01-01 00:00:19,1072915219.0,2017-06-18 19:09:26
1,2.63312697411,0.0,122184710.733,412,2004-01-01 00:00:19,2004-01-01 00:00:19,1072915219.0,2017-06-18 19:09:28
1,2.62558412552,0.0,122184710.733,412,2004-01-01 00:00:19,2004-01-01 00:00:19,1072915219.0,2017-06-18 19:09:31
1,2.60122179985,0.0,122184710.733,412,2004-01-01 00:00:19,2004-01-01 00:00:19,1072915219.0,2017-06-18 19:09:33
1,2.60641002655,0.0,122184710.733,412,2004-01-01 00:00:19,2004-01-01 00:00:19,1072915219.0,2017-06-18 19:09:36
1,4.58430290222,2465100.0,122184710.733,412,2003-11-04 22:30:19,2003-12-03 11:15:19,1070450119.0,2017-06-18 19:10:06
1,2.52607703209,77034.0,122184710.733,412,2003-12-30 05:12:29,2003-12-31 02:36:23,1072838183.0,2017-06-18 19:10:11
1,2.51651310921,4814.0,122184710.733,412,2003-12-31 21:19:47,2003-12-31 22:40:01,1072910401.0,2017-06-18 19:10:13
1,2.51425004005,150.0,122184710.733,412,2003-12-31 23:55:12,2003-12-31 23:57:42,1072915062.0,2017-06-18 19:10:16
1,2.60970711708,2.0,122184710.733,412,2004-01-01 00:00:05,2004-01-01 00:00:07,1072915207.0,2017-06-18 19:10:18
1,2.59974503517,39441601.0,122184710.733,412,1999-08-17 06:00:19,2000-11-15 18:00:20,974311220.0,2017-06-18 19:06:52
1,16.0193419456,39441600.0,122184710.733,412,2001-07-02 00:00:19,2002-10-01 12:00:19,1033473619.0,2017-06-18 19:08:03
1,0.570228099823,4930201.0,122184710.733,412,1999-01-29 12:45:19,1999-03-27 14:15:20,922544120.0,2017-06-18 19:09:13
1,21.4406189919,22185855.0,122184710.733,412,2003-04-19 05:16:04,2004-01-01 00:00:19,1072915219.0,2017-06-18 19:09:14
1,2.52843213081,0.0,122184710.733,412,2004-01-01 00:00:19,2004-01-01 00:00:19,1072915219.0,2017-06-18 19:09:35
1,9.82324099541,9860400.0,122184710.733,412,2003-05-17 18:00:19,2003-09-08 21:00:19,1063054819.0,2017-06-18 19:10:06
1,2.843490839,75.0,122184710.733,412,2003-12-31 23:57:42,2003-12-31 23:58:57,1072915137.0,2017-06-18 19:10:16
1,2.90127706528,1.0,122184710.733,412,2004-01-01 00:00:07,2004-01-01 00:00:08,1072915208.0,2017-06-18 19:10:19
1,18.5944159031,59162402.0,122184710.733,412,2000-11-15 18:00:20,2002-10-01 12:00:22,1033473622.0,2017-06-18 19:06:52
1,15.7027609348,19720800.0,122184710.733,412,2002-10-01 12:00:19,2003-05-17 18:00:19,1053194419.0,2017-06-18 19:08:03
1,0.510369062424,7395302.0,122184710.733,412,1999-03-27 14:15:20,1999-06-21 04:30:22,929939422.0,2017-06-18 19:09:13
1,13.974063158,24651009.0,122184710.733,412,2002-07-07 21:45:55,2003-04-19 05:16:04,1050729364.0,2017-06-18 19:09:14
1,3.36838817596,0.0,122184710.733,412,2004-01-01 00:00:19,2004-01-01 00:00:19,1072915219.0,2017-06-18 19:09:28
1,2.89169311523,0.0,122184710.733,412,2004-01-01 00:00:19,2004-01-01 00:00:19,1072915219.0,2017-06-18 19:09:31
1,2.38341403008,0.0,122184710.733,412,2004-01-01 00:00:19,2004-01-01 00:00:19,1072915219.0,2017-06-18 19:09:34
1,2.23432803154,0.0,122184710.733,412,2004-01-01 00:00:19,2004-01-01 00:00:19,1072915219.0,2017-06-18 19:09:37
1,5.19323706627,78883200.0,122184710.733,412,1999-01-01 00:00:19,2001-07-02 00:00:19,994032019.0,2017-06-18 19:10:06
1,3.0001540184,38517.0,122184710.733,412,2003-12-31 02:36:23,2003-12-31 13:18:20,1072876700.0,2017-06-18 19:10:11
1,2.85074806213,1203.0,122184710.733,412,2003-12-31 23:20:08,2003-12-31 23:40:11,1072914011.0,2017-06-18 19:10:14
1,2.81843614578,18.0,122184710.733,412,2003-12-31 23:59:34,2003-12-31 23:59:52,1072915192.0,2017-06-18 19:10:17
1,35.5887229443,39441597.0,122184710.733,412,2002-10-01 12:00:22,2004-01-01 00:00:19,1072915219.0,2017-06-18 19:06:52
1,10.901296854,9860400.0,122184710.733,412,2003-05-17 18:00:19,2003-09-08 21:00:19,1063054819.0,2017-06-18 19:08:03
1,0.710114002228,9860403.0,122184710.733,412,1999-06-21 04:30:22,1999-10-13 07:30:25,939799825.0,2017-06-18 19:09:13
1,3.04993605614,0.0,122184710.733,412,2004-01-01 00:00:19,2004-01-01 00:00:19,1072915219.0,2017-06-18 19:09:14
1,2.98024106026,0.0,122184710.733,412,2004-01-01 00:00:19,2004-01-01 00:00:19,1072915219.0,2017-06-18 19:09:17
1,2.52415204048,0.0,122184710.733,412,2004-01-01 00:00:19,2004-01-01 00:00:19,1072915219.0,2017-06-18 19:09:20
1,2.31882405281,0.0,122184710.733,412,2004-01-01 00:00:19,2004-01-01 00:00:19,1072915219.0,2017-06-18 19:09:23
1,2.34939408302,0.0,122184710.733,412,2004-01-01 00:00:19,2004-01-01 00:00:19,1072915219.0,2017-06-18 19:09:25
1,2.57221317291,0.0,122184710.733,412,2004-01-01 00:00:19,2004-01-01 00:00:19,1072915219.0,2017-06-18 19:09:27
1,3.02941012383,0.0,122184710.733,412,2004-01-01 00:00:19,2004-01-01 00:00:19,1072915219.0,2017-06-18 19:09:30
1,2.9582669735,0.0,122184710.733,412,2004-01-01 00:00:19,2004-01-01 00:00:19,1072915219.0,2017-06-18 19:09:33
1,3.01846385002,0.0,122184710.733,412,2004-01-01 00:00:19,2004-01-01 00:00:19,1072915219.0,2017-06-18 19:09:36
1,2.8816242218,1232550.0,122184710.733,412,2003-12-03 11:15:19,2003-12-17 17:37:49,1071682669.0,2017-06-18 19:10:06
1,2.88524913788,154068.0,122184710.733,412,2003-12-28 10:24:41,2003-12-30 05:12:29,1072761149.0,2017-06-18 19:10:09
1,2.87900900841,9629.0,122184710.733,412,2003-12-31 18:39:18,2003-12-31 21:19:47,1072905587.0,2017-06-18 19:10:12
1,2.88456010818,300.0,122184710.733,412,2003-12-31 23:50:12,2003-12-31 23:55:12,1072914912.0,2017-06-18 19:10:15
1,2.82227802277,4.0,122184710.733,412,2004-01-01 00:00:01,2004-01-01 00:00:05,1072915205.0,2017-06-18 19:10:18
1,3.39439797401,0.0,122184710.733,412,2004-01-01 00:00:19,2004-01-01 00:00:19,1072915219.0,2017-06-18 19:06:52
1,8.64583301544,4930200.0,122184710.733,412,2003-09-08 21:00:19,2003-11-04 22:30:19,1067985019.0,2017-06-18 19:08:03
1,1.254103899,12325504.0,122184710.733,412,1999-10-13 07:30:25,2000-03-03 23:15:29,952125329.0,2017-06-18 19:09:13
1,3.11941790581,0.0,122184710.733,412,2004-01-01 00:00:19,2004-01-01 00:00:19,1072915219.0,2017-06-18 19:09:15
1,3.12606596947,0.0,122184710.733,412,2004-01-01 00:00:19,2004-01-01 00:00:19,1072915219.0,2017-06-18 19:09:18
1,2.44767904282,0.0,122184710.733,412,2004-01-01 00:00:19,2004-01-01 00:00:19,1072915219.0,2017-06-18 19:09:21
1,2.5998339653,0.0,122184710.733,412,2004-01-01 00:00:19,2004-01-01 00:00:19,1072915219.0,2017-06-18 19:09:23
1,2.47730398178,0.0,122184710.733,412,2004-01-01 00:00:19,2004-01-01 00:00:19,1072915219.0,2017-06-18 19:09:26
1,2.47499704361,0.0,122184710.733,412,2004-01-01 00:00:19,2004-01-01 00:00:19,1072915219.0,2017-06-18 19:09:28
1,2.89466404915,0.0,122184710.733,412,2004-01-01 00:00:19,2004-01-01 00:00:19,1072915219.0,2017-06-18 19:09:31
1,2.99400806427,0.0,122184710.733,412,2004-01-01 00:00:19,2004-01-01 00:00:19,1072915219.0,2017-06-18 19:09:34
1,17.812721014,39441600.0,122184710.733,412,2001-07-02 00:00:19,2002-10-01 12:00:19,1033473619.0,2017-06-18 19:10:06
1,3.16677999496,0.0,122184710.733,412,2004-01-01 00:00:19,2004-01-01 00:00:19,1072915219.0,2017-06-18 19:06:52
1,5.83532500267,2465100.0,122184710.733,412,2003-11-04 22:30:19,2003-12-03 11:15:19,1070450119.0,2017-06-18 19:08:03
1,1.20326900482,14790605.0,122184710.733,412,2000-03-03 23:15:29,2000-08-22 03:45:34,966915934.0,2017-06-18 19:09:13
1,2.93795394897,0.0,122184710.733,412,2004-01-01 00:00:19,2004-01-01 00:00:19,1072915219.0,2017-06-18 19:09:15
1,2.94262909889,0.0,122184710.733,412,2004-01-01 00:00:19,2004-01-01 00:00:19,1072915219.0,2017-06-18 19:09:18
1,2.92503213882,0.0,122184710.733,412,2004-01-01 00:00:19,2004-01-01 00:00:19,1072915219.0,2017-06-18 19:09:21
1,2.93728494644,0.0,122184710.733,412,2004-01-01 00:00:19,2004-01-01 00:00:19,1072915219.0,2017-06-18 19:09:23
1,2.91568183899,0.0,122184710.733,412,2004-01-01 00:00:19,2004-01-01 00:00:19,1072915219.0,2017-06-18 19:09:26
1,2.94244003296,0.0,122184710.733,412,2004-01-01 00:00:19,2004-01-01 00:00:19,1072915219.0,2017-06-18 19:09:29
1,2.93691396713,0.0,122184710.733,412,2004-01-01 00:00:19,2004-01-01 00:00:19,1072915219.0,2017-06-18 19:09:32
1,2.92388606071,0.0,122184710.733,412,2004-01-01 00:00:19,2004-01-01 00:00:19,1072915219.0,2017-06-18 19:09:35
1,7.61644792557,4930200.0,122184710.733,412,2003-09-08 21:00:19,2003-11-04 22:30:19,1067985019.0,2017-06-18 19:10:06
1,2.83404302597,2407.0,122184710.733,412,2003-12-31 22:40:01,2003-12-31 23:20:08,1072912808.0,2017-06-18 19:10:14
1,2.82013487816,37.0,122184710.733,412,2003-12-31 23:58:57,2003-12-31 23:59:34,1072915174.0,2017-06-18 19:10:17
1,3.23534989357,0.0,122184710.733,412,2004-01-01 00:00:19,2004-01-01 00:00:19,1072915219.0,2017-06-18 19:06:52
1,3.24964499474,1232550.0,122184710.733,412,2003-12-03 11:15:19,2003-12-17 17:37:49,1071682669.0,2017-06-18 19:08:03
1,2.08056807518,17255706.0,122184710.733,412,2000-08-22 03:45:34,2001-03-09 21:00:40,984171640.0,2017-06-18 19:09:13
1,2.26832509041,0.0,122184710.733,412,2004-01-01 00:00:19,2004-01-01 00:00:19,1072915219.0,2017-06-18 19:09:15
1,2.31363201141,0.0,122184710.733,412,2004-01-01 00:00:19,2004-01-01 00:00:19,1072915219.0,2017-06-18 19:09:18
1,2.3409640789,0.0,122184710.733,412,2004-01-01 00:00:19,2004-01-01 00:00:19,1072915219.0,2017-06-18 19:09:20
1,2.33868288994,0.0,122184710.733,412,2004-01-01 00:00:19,2004-01-01 00:00:19,1072915219.0,2017-06-18 19:09:22
1,2.44147396088,0.0,122184710.733,412,2004-01-01 00:00:19,2004-01-01 00:00:19,1072915219.0,2017-06-18 19:09:25
1,2.91680407524,0.0,122184710.733,412,2004-01-01 00:00:19,2004-01-01 00:00:19,1072915219.0,2017-06-18 19:09:27
1,2.97484016418,0.0,122184710.733,412,2004-01-01 00:00:19,2004-01-01 00:00:19,1072915219.0,2017-06-18 19:09:30
1,2.9078438282,0.0,122184710.733,412,2004-01-01 00:00:19,2004-01-01 00:00:19,1072915219.0,2017-06-18 19:09:33
1,2.96196508408,0.0,122184710.733,412,2004-01-01 00:00:19,2004-01-01 00:00:19,1072915219.0,2017-06-18 19:09:36
1,2.82679486275,616275.0,122184710.733,412,2003-12-17 17:37:49,2003-12-24 20:49:04,1072298944.0,2017-06-18 19:10:06
1,2.85156798363,308137.0,122184710.733,412,2003-12-24 20:49:04,2003-12-28 10:24:41,1072607081.0,2017-06-18 19:10:09
1,2.82752203941,19258.0,122184710.733,412,2003-12-31 13:18:20,2003-12-31 18:39:18,1072895958.0,2017-06-18 19:10:12
1,2.84594297409,601.0,122184710.733,412,2003-12-31 23:40:11,2003-12-31 23:50:12,1072914612.0,2017-06-18 19:10:15
1,5.36998009682,9.0,122184710.733,412,2003-12-31 23:59:52,2004-01-01 00:00:01,1072915201.0,2017-06-18 19:10:18
1,3.16909599304,0.0,122184710.733,412,2004-01-01 00:00:19,2004-01-01 00:00:19,1072915219.0,2017-06-18 19:06:52
1,5.42097115517,1232550.0,122184710.733,412,2003-12-17 17:37:49,2004-01-01 00:00:19,1072915219.0,2017-06-18 19:08:03
1,4.57489109039,19720807.0,122184710.733,412,2001-03-09 21:00:40,2001-10-24 03:00:47,1003892447.0,2017-06-18 19:09:13
1,2.61190891266,0.0,122184710.733,412,2004-01-01 00:00:19,2004-01-01 00:00:19,1072915219.0,2017-06-18 19:09:18
1,2.2599709034,0.0,122184710.733,412,2004-01-01 00:00:19,2004-01-01 00:00:19,1072915219.0,2017-06-18 19:09:21
1,2.25004696846,0.0,122184710.733,412,2004-01-01 00:00:19,2004-01-01 00:00:19,1072915219.0,2017-06-18 19:09:23
1,2.29781913757,0.0,122184710.733,412,2004-01-01 00:00:19,2004-01-01 00:00:19,1072915219.0,2017-06-18 19:09:25
1,2.59593605995,0.0,122184710.733,412,2004-01-01 00:00:19,2004-01-01 00:00:19,1072915219.0,2017-06-18 19:09:27
1,2.80291604996,0.0,122184710.733,412,2004-01-01 00:00:19,2004-01-01 00:00:19,1072915219.0,2017-06-18 19:09:30
1,2.32435107231,0.0,122184710.733,412,2004-01-01 00:00:19,2004-01-01 00:00:19,1072915219.0,2017-06-18 19:09:33
1,2.272356987,0.0,122184710.733,412,2004-01-01 00:00:19,2004-01-01 00:00:19,1072915219.0,2017-06-18 19:09:35
1,14.4866061211,19720800.0,122184710.733,412,2002-10-01 12:00:19,2003-05-17 18:00:19,1053194419.0,2017-06-18 19:10:06
1,3.16909599304,0.0,122184710.733,412,2004-01-01 00:00:19,2004-01-01 00:00:19,1072915219.0,2017-06-18 19:06:52
1,5.42097115517,1232550.0,122184710.733,412,2003-12-17 17:37:49,2004-01-01 00:00:19,1072915219.0,2017-06-18 19:08:03
1,4.57489109039,19720807.0,122184710.733,412,2001-03-09 21:00:40,2001-10-24 03:00:47,1003892447.0,2017-06-18 19:09:13
1,2.61190891266,0.0,122184710.733,412,2004-01-01 00:00:19,2004-01-01 00:00:19,1072915219.0,2017-06-18 19:09:18
1,2.2599709034,0.0,122184710.733,412,2004-01-01 00:00:19,2004-01-01 00:00:19,1072915219.0,2017-06-18 19:09:21
1,2.25004696846,0.0,122184710.733,412,2004-01-01 00:00:19,2004-01-01 00:00:19,1072915219.0,2017-06-18 19:09:23
1,2.29781913757,0.0,122184710.733,412,2004-01-01 00:00:19,2004-01-01 00:00:19,1072915219.0,2017-06-18 19:09:25
1,2.59593605995,0.0,122184710.733,412,2004-01-01 00:00:19,2004-01-01 00:00:19,1072915219.0,2017-06-18 19:09:27
1,2.80291604996,0.0,122184710.733,412,2004-01-01 00:00:19,2004-01-01 00:00:19,1072915219.0,2017-06-18 19:09:30
1,2.32435107231,0.0,122184710.733,412,2004-01-01 00:00:19,2004-01-01 00:00:19,1072915219.0,2017-06-18 19:09:33
1,2.272356987,0.0,122184710.733,412,2004-01-01 00:00:19,2004-01-01 00:00:19,1072915219.0,2017-06-18 19:09:35
1,14.4866061211,19720800.0,122184710.733,412,2002-10-01 12:00:19,2003-05-17 18:00:19,1053194419.0,2017-06-18 19:10:06
1,644.1775949,331344000.0,4.863640573e+11,412,1999-01-01 00:00:19,2009-07-02 00:00:19,1246492819.0,2017-06-18 19:17:56
1,1740.74157,82836000.0,4.863640573e+11,412,2014-10-01 12:00:19,2017-05-17 06:00:19,1495000819.0,2017-06-18 19:17:56
1,0.422211885452,41418000.0,4.863640573e+11,412,2017-05-17 06:00:19,2018-09-08 15:00:19,1536418819.0,2017-06-18 19:17:56
1,0.443604946136,20709000.0,4.863640573e+11,412,2018-09-08 15:00:19,2019-05-06 07:30:19,1557127819.0,2017-06-18 19:17:56
1,0.434915065765,10354500.0,4.863640573e+11,412,2019-05-06 07:30:19,2019-09-03 03:45:19,1567482319.0,2017-06-18 19:17:56
1,0.409952163696,5177250.0,4.863640573e+11,412,2019-09-03 03:45:19,2019-11-02 01:52:49,1572659569.0,2017-06-18 19:17:56
1,0.434953927994,5177250.0,4.863640573e+11,412,2019-11-02 01:52:49,2020-01-01 00:00:19,1577836819.0,2017-06-18 19:17:56
1,0.434953927994,5177250.0,4.863640573e+11,412,2019-11-02 01:52:49,2020-01-01 00:00:19,1577836819.0,2017-06-18 19:17:56
1,0.406645059586,41418000.0,4.863640573e+11,412,2017-05-17 06:00:19,2018-09-08 15:00:19,1536418819.0,2017-06-18 19:52:23
1,0.428628921509,20709000.0,4.863640573e+11,412,2018-09-08 15:00:19,2019-05-06 07:30:19,1557127819.0,2017-06-18 19:52:23
1,0.463273048401,10354500.0,4.863640573e+11,412,2019-05-06 07:30:19,2019-09-03 03:45:19,1567482319.0,2017-06-18 19:52:23
1,0.4019780159,5177250.0,4.863640573e+11,412,2019-09-03 03:45:19,2019-11-02 01:52:49,1572659569.0,2017-06-18 19:52:23
1,0.452193975449,5177250.0,4.863640573e+11,412,2019-11-02 01:52:49,2020-01-01 00:00:19,1577836819.0,2017-06-18 19:52:23
1,0.452193975449,5177250.0,4.863640573e+11,412,2019-11-02 01:52:49,2020-01-01 00:00:19,1577836819.0,2017-06-18 19:52:23
1,24.3968219757,126230400.0,122184710.733,412,1999-01-01 00:00:19,2003-01-01 00:00:19,1041379219.0,2017-06-18 20:12:51
1,65.1333119869,63115200.0,122184710.733,412,2003-01-01 00:00:19,2004-12-31 12:00:19,1104494419.0,2017-06-18 20:12:51
1,78.0193629265,31557600.0,122184710.733,412,2004-12-31 12:00:19,2005-12-31 18:00:19,1136052019.0,2017-06-18 20:12:51
1,58.0652210712,15778800.0,122184710.733,412,2005-12-31 18:00:19,2006-07-02 09:00:19,1151830819.0,2017-06-18 20:12:51
1,32.7587521076,7889400.0,122184710.733,412,2006-07-02 09:00:19,2006-10-01 16:30:19,1159720219.0,2017-06-18 20:12:51
1,19.8794739246,3944700.0,122184710.733,412,2006-10-01 16:30:19,2006-11-16 08:15:19,1163664919.0,2017-06-18 20:12:51
1,19.4253950119,1972350.0,122184710.733,412,2006-11-16 08:15:19,2006-12-09 04:07:49,1165637269.0,2017-06-18 20:12:51
1,22.8407850266,1972350.0,122184710.733,412,2006-12-09 04:07:49,2007-01-01 00:00:19,1167609619.0,2017-06-18 20:12:51
1,22.8407850266,1972350.0,122184710.733,412,2006-12-09 04:07:49,2007-01-01 00:00:19,1167609619.0,2017-06-18 20:12:51
1,248.037987947,252460800.0,122184710.733,412,1999-01-01 00:00:19,2007-01-01 00:00:19,1167609619.0,2017-06-18 20:16:58
1,248.006221056,252460800.0,122184710.733,412,1999-01-01 00:00:19,2007-01-01 00:00:19,1167609619.0,2017-06-18 20:16:58
1,28.2741408348,126230400.0,122184710.733,412,1999-01-01 00:00:19,2003-01-01 00:00:19,1041379219.0,2017-06-18 20:26:54
1,249.979387999,126230400.0,122184710.733,412,2003-01-01 00:00:19,2007-01-01 00:00:19,1167609619.0,2017-06-18 20:26:54
1,28.2741408348,126230400.0,122184710.733,412,1999-01-01 00:00:19,2003-01-01 00:00:19,1041379219.0,2017-06-18 20:26:54
1,22.0680298805,126230400.0,122184710.733,412,1999-01-01 00:00:19,2003-01-01 00:00:19,1041379219.0,2017-06-18 20:34:35
1,249.979387999,126230400.0,122184710.733,412,2003-01-01 00:00:19,2007-01-01 00:00:19,1167609619.0,2017-06-18 20:26:54
1,68.8713178635,63115200.0,122184710.733,412,2003-01-01 00:00:19,2004-12-31 12:00:19,1104494419.0,2017-06-18 20:34:35
1,77.3365859985,31557600.0,122184710.733,412,2004-12-31 12:00:19,2005-12-31 18:00:19,1136052019.0,2017-06-18 20:34:35
1,113.714869976,31557600.0,122184710.733,412,2005-12-31 18:00:19,2007-01-01 00:00:19,1167609619.0,2017-06-18 20:34:35
1,22.6267819405,126230400.0,122184710.733,412,1999-01-01 00:00:19,2003-01-01 00:00:19,1041379219.0,2017-06-18 20:40:33
1,62.5991678238,63115200.0,122184710.733,412,2003-01-01 00:00:19,2004-12-31 12:00:19,1104494419.0,2017-06-18 20:40:33
1,68.8745219707,31557600.0,122184710.733,412,2004-12-31 12:00:19,2005-12-31 18:00:19,1136052019.0,2017-06-18 20:40:33
1,107.716809034,31557600.0,122184710.733,412,2005-12-31 18:00:19,2007-01-01 00:00:19,1167609619.0,2017-06-18 20:40:33
1,22.7848219872,126230400.0,122184710.733,412,1999-01-01 00:00:19,2003-01-01 00:00:19,1041379219.0,2017-06-18 20:47:23
1,71.3309190273,63115200.0,122184710.733,412,2003-01-01 00:00:19,2004-12-31 12:00:19,1104494419.0,2017-06-18 20:47:23
1,77.2661828995,31557600.0,122184710.733,412,2004-12-31 12:00:19,2005-12-31 18:00:19,1136052019.0,2017-06-18 20:47:23
1,54.8180599213,15778800.0,122184710.733,412,2005-12-31 18:00:19,2006-07-02 09:00:19,1151830819.0,2017-06-18 20:47:23
1,35.3073809147,7889400.0,122184710.733,412,2006-07-02 09:00:19,2006-10-01 16:30:19,1159720219.0,2017-06-18 20:47:23
1,19.851621151,3944700.0,122184710.733,412,2006-10-01 16:30:19,2006-11-16 08:15:19,1163664919.0,2017-06-18 20:47:23
1,19.0732150078,1972350.0,122184710.733,412,2006-11-16 08:15:19,2006-12-09 04:07:49,1165637269.0,2017-06-18 20:47:23
1,20.4760029316,1972350.0,122184710.733,412,2006-12-09 04:07:49,2007-01-01 00:00:19,1167609619.0,2017-06-18 20:47:23
1,3.05338382721,63115200.0,122184710.733,412,1999-01-01 00:00:19,2000-12-31 12:00:19,978264019.0,2017-06-18 21:22:43
1,82.3518002033,126230401.0,122184710.733,412,2000-12-31 12:00:19,2004-12-31 12:00:20,1104494420.0,2017-06-18 21:22:46
1,170.728788853,63115199.0,122184710.733,412,2004-12-31 12:00:20,2007-01-01 00:00:19,1167609619.0,2017-06-18 21:24:09
1,265.123842001,252460800.0,122184710.733,412,1999-01-01 00:00:19,2007-01-01 00:00:19,1167609619.0,2017-06-18 21:22:43
1,8.91740202904,0.0,122184710.733,412,2007-01-01 00:00:19,2007-01-01 00:00:19,1167609619.0,2017-06-18 21:27:00
1,1.43762397766,31557600.0,122184710.733,412,1999-01-01 00:00:19,2000-01-01 06:00:19,946706419.0,2017-06-18 21:28:47
1,77.0350379944,94672802.0,122184710.733,412,2001-12-31 18:00:20,2004-12-31 12:00:22,1104494422.0,2017-06-18 21:28:49
1,9.51777291298,0.0,122184710.733,412,2007-01-01 00:00:19,2007-01-01 00:00:19,1167609619.0,2017-06-18 21:30:06
1,8.93117594719,0.0,122184710.733,412,2007-01-01 00:00:19,2007-01-01 00:00:19,1167609619.0,2017-06-18 21:30:15
1,8.96342897415,0.0,122184710.733,412,2007-01-01 00:00:19,2007-01-01 00:00:19,1167609619.0,2017-06-18 21:30:24
1,8.67374491692,0.0,122184710.733,412,2007-01-01 00:00:19,2007-01-01 00:00:19,1167609619.0,2017-06-18 21:30:33
1,0.602290868759,15778800.0,122184710.733,412,1999-01-01 00:00:19,1999-07-02 15:00:19,930927619.0,2017-06-18 21:33:18
1,146.229506016,78894004.0,122184710.733,412,2004-01-01 06:00:25,2006-07-02 09:00:29,1151830829.0,2017-06-18 21:33:19
1,3.98195195198,31557603.0,122184710.733,412,2000-07-01 21:00:22,2001-07-02 03:00:25,994042825.0,2017-06-18 21:38:27
1,8.82554006577,0.0,122184710.733,412,2007-01-01 00:00:19,2007-01-01 00:00:19,1167609619.0,2017-06-18 21:38:31
1,8.62221693993,0.0,122184710.733,412,2007-01-01 00:00:19,2007-01-01 00:00:19,1167609619.0,2017-06-18 21:38:39
1,8.88255000114,0.0,122184710.733,412,2007-01-01 00:00:19,2007-01-01 00:00:19,1167609619.0,2017-06-18 21:38:48
1,8.61602091789,0.0,122184710.733,412,2007-01-01 00:00:19,2007-01-01 00:00:19,1167609619.0,2017-06-18 21:38:57
1,9.01236701012,0.0,122184710.733,412,2007-01-01 00:00:19,2007-01-01 00:00:19,1167609619.0,2017-06-18 21:39:06
1,9.2876470089,63115201.0,122184710.733,412,2000-01-01 06:00:19,2001-12-31 18:00:20,1009821620.0,2017-06-18 21:28:47
1,179.430394173,63115197.0,122184710.733,412,2004-12-31 12:00:22,2007-01-01 00:00:19,1167609619.0,2017-06-18 21:28:57
1,2.43650698662,31557601.0,122184710.733,412,1999-07-02 15:00:19,2000-07-01 21:00:20,962485220.0,2017-06-18 21:33:18
1,65.5777699947,15778790.0,122184710.733,412,2006-07-02 09:00:29,2007-01-01 00:00:19,1167609619.0,2017-06-18 21:33:21
1,1.98286485672,23668202.0,122184710.733,412,1999-10-01 22:30:20,2000-07-01 21:00:22,962485222.0,2017-06-18 21:38:27
1,8.18450403214,0.0,122184710.733,412,2007-01-01 00:00:19,2007-01-01 00:00:19,1167609619.0,2017-06-18 21:38:29
1,8.30411314964,0.0,122184710.733,412,2007-01-01 00:00:19,2007-01-01 00:00:19,1167609619.0,2017-06-18 21:38:37
1,9.12559008598,0.0,122184710.733,412,2007-01-01 00:00:19,2007-01-01 00:00:19,1167609619.0,2017-06-18 21:38:45
1,7.73171186447,0.0,122184710.733,412,2007-01-01 00:00:19,2007-01-01 00:00:19,1167609619.0,2017-06-18 21:38:54
1,9.63626599312,0.0,122184710.733,412,2007-01-01 00:00:19,2007-01-01 00:00:19,1167609619.0,2017-06-18 21:39:02
1,8.00404500961,47336402.0,122184710.733,412,2000-07-01 21:00:20,2001-12-31 18:00:22,1009821622.0,2017-06-18 21:33:18
1,9.87932801247,0.0,122184710.733,412,2007-01-01 00:00:19,2007-01-01 00:00:19,1167609619.0,2017-06-18 21:33:26
1,8.65368103981,0.0,122184710.733,412,2007-01-01 00:00:19,2007-01-01 00:00:19,1167609619.0,2017-06-18 21:33:36
1,7.60971999168,0.0,122184710.733,412,2007-01-01 00:00:19,2007-01-01 00:00:19,1167609619.0,2017-06-18 21:33:45
1,7.75057888031,0.0,122184710.733,412,2007-01-01 00:00:19,2007-01-01 00:00:19,1167609619.0,2017-06-18 21:33:53
1,7.62096381187,0.0,122184710.733,412,2007-01-01 00:00:19,2007-01-01 00:00:19,1167609619.0,2017-06-18 21:34:00
1,7.57317781448,0.0,122184710.733,412,2007-01-01 00:00:19,2007-01-01 00:00:19,1167609619.0,2017-06-18 21:34:08
1,8.4632768631,0.0,122184710.733,412,2007-01-01 00:00:19,2007-01-01 00:00:19,1167609619.0,2017-06-18 21:34:15
1,0.715131998062,15778801.0,122184710.733,412,1999-04-02 07:30:19,1999-10-01 22:30:20,938817020.0,2017-06-18 21:38:27
1,9.88595795631,0.0,122184710.733,412,2007-01-01 00:00:19,2007-01-01 00:00:19,1167609619.0,2017-06-18 21:38:27
1,9.77575397491,0.0,122184710.733,412,2007-01-01 00:00:19,2007-01-01 00:00:19,1167609619.0,2017-06-18 21:38:37
1,7.76626610756,0.0,122184710.733,412,2007-01-01 00:00:19,2007-01-01 00:00:19,1167609619.0,2017-06-18 21:38:47
1,7.6406879425,0.0,122184710.733,412,2007-01-01 00:00:19,2007-01-01 00:00:19,1167609619.0,2017-06-18 21:38:55
1,7.73458695412,0.0,122184710.733,412,2007-01-01 00:00:19,2007-01-01 00:00:19,1167609619.0,2017-06-18 21:39:02
1,38.6114759445,63115203.0,122184710.733,412,2001-12-31 18:00:22,2004-01-01 06:00:25,1072936825.0,2017-06-18 21:33:18
1,11.336561203,0.0,122184710.733,412,2007-01-01 00:00:19,2007-01-01 00:00:19,1167609619.0,2017-06-18 21:33:57
1,7.66617512703,0.0,122184710.733,412,2007-01-01 00:00:19,2007-01-01 00:00:19,1167609619.0,2017-06-18 21:34:08
1,7.48153400421,0.0,122184710.733,412,2007-01-01 00:00:19,2007-01-01 00:00:19,1167609619.0,2017-06-18 21:34:16
1,0.6296210289,7889400.0,122184710.733,412,1999-01-01 00:00:19,1999-04-02 07:30:19,923038219.0,2017-06-18 21:38:27
1,7.69451284409,0.0,122184710.733,412,2007-01-01 00:00:19,2007-01-01 00:00:19,1167609619.0,2017-06-18 21:38:27
1,7.7088971138,0.0,122184710.733,412,2007-01-01 00:00:19,2007-01-01 00:00:19,1167609619.0,2017-06-18 21:38:35
1,8.11485099792,0.0,122184710.733,412,2007-01-01 00:00:19,2007-01-01 00:00:19,1167609619.0,2017-06-18 21:38:43
1,7.45069408417,0.0,122184710.733,412,2007-01-01 00:00:19,2007-01-01 00:00:19,1167609619.0,2017-06-18 21:38:51
1,8.63896799088,0.0,122184710.733,412,2007-01-01 00:00:19,2007-01-01 00:00:19,1167609619.0,2017-06-18 21:38:58
1,8.35258293152,0.0,122184710.733,412,2007-01-01 00:00:19,2007-01-01 00:00:19,1167609619.0,2017-06-18 21:39:07
1,17.073333025,39447004.0,122184710.733,412,2001-07-02 03:00:25,2002-10-01 16:30:29,1033489829.0,2017-06-18 21:38:27
1,10.2068479061,0.0,122184710.733,412,2007-01-01 00:00:19,2007-01-01 00:00:19,1167609619.0,2017-06-18 21:38:44
1,7.57339000702,0.0,122184710.733,412,2007-01-01 00:00:19,2007-01-01 00:00:19,1167609619.0,2017-06-18 21:38:54
1,8.50497508049,0.0,122184710.733,412,2007-01-01 00:00:19,2007-01-01 00:00:19,1167609619.0,2017-06-18 21:39:01
1,47.2498967648,47336405.0,122184710.733,412,2002-10-01 16:30:29,2004-04-01 13:30:34,1080826234.0,2017-06-18 21:38:27
1,104.495185852,55225806.0,122184710.733,412,2004-04-01 13:30:34,2005-12-31 18:00:40,1136052040.0,2017-06-18 21:38:27
1,108.614984989,31557579.0,122184710.733,412,2005-12-31 18:00:40,2007-01-01 00:00:19,1167609619.0,2017-06-18 21:38:27
1,108.614984989,31557579.0,122184710.733,412,2005-12-31 18:00:40,2007-01-01 00:00:19,1167609619.0,2017-06-18 21:38:27
1,284.739067078,252460800.0,122184710.733,412,1999-01-01 00:00:19,2007-01-01 00:00:19,1167609619.0,2017-06-18 21:51:47
1,8.5476360321,0.0,122184710.733,412,2007-01-01 00:00:19,2007-01-01 00:00:19,1167609619.0,2017-06-18 21:56:23
1,1.17044496536,31557600.0,122184710.733,412,1999-01-01 00:00:19,2000-01-01 06:00:19,946706419.0,2017-06-18 21:57:07
1,78.2858669758,94672802.0,122184710.733,412,2001-12-31 18:00:20,2004-12-31 12:00:22,1104494422.0,2017-06-18 21:57:09
1,8.35114693642,0.0,122184710.733,412,2007-01-01 00:00:19,2007-01-01 00:00:19,1167609619.0,2017-06-18 21:58:27
1,8.34754991531,0.0,122184710.733,412,2007-01-01 00:00:19,2007-01-01 00:00:19,1167609619.0,2017-06-18 21:58:35
1,8.27915501595,0.0,122184710.733,412,2007-01-01 00:00:19,2007-01-01 00:00:19,1167609619.0,2017-06-18 21:58:44
1,8.30049014091,0.0,122184710.733,412,2007-01-01 00:00:19,2007-01-01 00:00:19,1167609619.0,2017-06-18 21:58:52
1,176.99648881,252460800.0,122184710.733,412,1999-01-01 00:00:19,2007-01-01 00:00:19,1167609619.0,2017-06-18 21:57:07
1,0.67348408699,15778800.0,122184710.733,412,1999-01-01 00:00:19,1999-07-02 15:00:19,930927619.0,2017-06-18 22:02:43
1,6.74259209633,47336402.0,122184710.733,412,2000-07-01 21:00:20,2001-12-31 18:00:22,1009821622.0,2017-06-18 22:02:43
1,139.093950033,78894004.0,122184710.733,412,2004-01-01 06:00:25,2006-07-02 09:00:29,1151830829.0,2017-06-18 22:02:50
1,8.30404090881,0.0,122184710.733,412,2007-01-01 00:00:19,2007-01-01 00:00:19,1167609619.0,2017-06-18 22:05:09
1,8.33609414101,0.0,122184710.733,412,2007-01-01 00:00:19,2007-01-01 00:00:19,1167609619.0,2017-06-18 22:05:17
1,0.744212865829,15778800.0,122184710.733,412,1999-01-01 00:00:19,1999-07-02 15:00:19,930927619.0,2017-06-18 22:05:26
1,1.56312417984,31557601.0,122184710.733,412,1999-07-02 15:00:19,2000-07-01 21:00:20,962485220.0,2017-06-18 22:05:27
1,10.573089838,47336402.0,122184710.733,412,2000-07-01 21:00:20,2001-12-31 18:00:22,1009821622.0,2017-06-18 22:05:28
1,141.216685057,78894004.0,122184710.733,412,2004-01-01 06:00:25,2006-07-02 09:00:29,1151830829.0,2017-06-18 22:05:39
1,8.35143113136,0.0,122184710.733,412,2007-01-01 00:00:19,2007-01-01 00:00:19,1167609619.0,2017-06-18 22:08:00
1,8.32691812515,0.0,122184710.733,412,2007-01-01 00:00:19,2007-01-01 00:00:19,1167609619.0,2017-06-18 22:08:08
1,8.32701206207,0.0,122184710.733,412,2007-01-01 00:00:19,2007-01-01 00:00:19,1167609619.0,2017-06-18 22:08:17
1,0.562956809998,7889400.0,122184710.733,412,1999-01-01 00:00:19,1999-04-02 07:30:19,923038219.0,2017-06-18 22:09:20
1,15.1583750248,39447004.0,122184710.733,412,2001-07-02 03:00:25,2002-10-01 16:30:29,1033489829.0,2017-06-18 22:09:20
1,8.47877812386,0.0,122184710.733,412,2007-01-01 00:00:19,2007-01-01 00:00:19,1167609619.0,2017-06-18 22:09:35
1,8.39097595215,0.0,122184710.733,412,2007-01-01 00:00:19,2007-01-01 00:00:19,1167609619.0,2017-06-18 22:09:44
1,8.27746796608,0.0,122184710.733,412,2007-01-01 00:00:19,2007-01-01 00:00:19,1167609619.0,2017-06-18 22:09:52
1,8.29492807388,0.0,122184710.733,412,2007-01-01 00:00:19,2007-01-01 00:00:19,1167609619.0,2017-06-18 22:10:01
1,8.26036810875,0.0,122184710.733,412,2007-01-01 00:00:19,2007-01-01 00:00:19,1167609619.0,2017-06-18 22:10:09
1,8.26408600807,0.0,122184710.733,412,2007-01-01 00:00:19,2007-01-01 00:00:19,1167609619.0,2017-06-18 22:10:17
1,8.34160804749,0.0,122184710.733,412,2007-01-01 00:00:19,2007-01-01 00:00:19,1167609619.0,2017-06-18 22:10:25
1,8.29352402687,0.0,122184710.733,412,2007-01-01 00:00:19,2007-01-01 00:00:19,1167609619.0,2017-06-18 22:10:34
1,8.32518100739,0.0,122184710.733,412,2007-01-01 00:00:19,2007-01-01 00:00:19,1167609619.0,2017-06-18 22:10:42
1,8.34107613564,0.0,122184710.733,412,2007-01-01 00:00:19,2007-01-01 00:00:19,1167609619.0,2017-06-18 22:10:50
1,8.25815415382,0.0,122184710.733,412,2007-01-01 00:00:19,2007-01-01 00:00:19,1167609619.0,2017-06-18 22:10:59
1,8.30671596527,0.0,122184710.733,412,2007-01-01 00:00:19,2007-01-01 00:00:19,1167609619.0,2017-06-18 22:11:07
1,0.927435874939,11834102.0,122184710.733,412,1999-05-17 23:15:20,1999-10-01 22:30:22,938817022.0,2017-06-18 22:12:45
1,103.19156909,35502255.0,122184710.733,412,2005-11-16 02:16:04,2007-01-01 00:00:19,1167609619.0,2017-06-18 22:12:46
1,8.51777505875,63115201.0,122184710.733,412,2000-01-01 06:00:19,2001-12-31 18:00:20,1009821620.0,2017-06-18 21:57:07
1,168.442762136,63115197.0,122184710.733,412,2004-12-31 12:00:22,2007-01-01 00:00:19,1167609619.0,2017-06-18 21:57:16
1,1.95248007774,31557601.0,122184710.733,412,1999-07-02 15:00:19,2000-07-01 21:00:20,962485220.0,2017-06-18 22:02:43
1,47.007983923,63115203.0,122184710.733,412,2001-12-31 18:00:22,2004-01-01 06:00:25,1072936825.0,2017-06-18 22:02:45
1,60.0007119179,15778790.0,122184710.733,412,2006-07-02 09:00:29,2007-01-01 00:00:19,1167609619.0,2017-06-18 22:03:32
1,7.62298202515,0.0,122184710.733,412,2007-01-01 00:00:19,2007-01-01 00:00:19,1167609619.0,2017-06-18 22:04:32
1,7.67229008675,0.0,122184710.733,412,2007-01-01 00:00:19,2007-01-01 00:00:19,1167609619.0,2017-06-18 22:04:39
1,7.63341617584,0.0,122184710.733,412,2007-01-01 00:00:19,2007-01-01 00:00:19,1167609619.0,2017-06-18 22:04:47
1,7.84051704407,0.0,122184710.733,412,2007-01-01 00:00:19,2007-01-01 00:00:19,1167609619.0,2017-06-18 22:04:54
1,7.72482800484,0.0,122184710.733,412,2007-01-01 00:00:19,2007-01-01 00:00:19,1167609619.0,2017-06-18 22:05:02
1,7.82579612732,0.0,122184710.733,412,2007-01-01 00:00:19,2007-01-01 00:00:19,1167609619.0,2017-06-18 22:05:10
1,7.7893269062,0.0,122184710.733,412,2007-01-01 00:00:19,2007-01-01 00:00:19,1167609619.0,2017-06-18 22:05:18
1,7.62979197502,0.0,122184710.733,412,2007-01-01 00:00:19,2007-01-01 00:00:19,1167609619.0,2017-06-18 22:05:26
1,51.0870540142,63115203.0,122184710.733,412,2001-12-31 18:00:22,2004-01-01 06:00:25,1072936825.0,2017-06-18 22:05:33
1,58.9681138992,15778790.0,122184710.733,412,2006-07-02 09:00:29,2007-01-01 00:00:19,1167609619.0,2017-06-18 22:06:24
1,7.73738217354,0.0,122184710.733,412,2007-01-01 00:00:19,2007-01-01 00:00:19,1167609619.0,2017-06-18 22:07:23
1,7.82927799225,0.0,122184710.733,412,2007-01-01 00:00:19,2007-01-01 00:00:19,1167609619.0,2017-06-18 22:07:31
1,7.7125749588,0.0,122184710.733,412,2007-01-01 00:00:19,2007-01-01 00:00:19,1167609619.0,2017-06-18 22:07:39
1,7.69334793091,0.0,122184710.733,412,2007-01-01 00:00:19,2007-01-01 00:00:19,1167609619.0,2017-06-18 22:07:47
1,7.72462797165,0.0,122184710.733,412,2007-01-01 00:00:19,2007-01-01 00:00:19,1167609619.0,2017-06-18 22:07:54
1,7.79125714302,0.0,122184710.733,412,2007-01-01 00:00:19,2007-01-01 00:00:19,1167609619.0,2017-06-18 22:08:02
1,7.74416303635,0.0,122184710.733,412,2007-01-01 00:00:19,2007-01-01 00:00:19,1167609619.0,2017-06-18 22:08:10
1,0.926199913025,15778801.0,122184710.733,412,1999-04-02 07:30:19,1999-10-01 22:30:20,938817020.0,2017-06-18 22:09:20
1,41.8212070465,47336405.0,122184710.733,412,2002-10-01 16:30:29,2004-04-01 13:30:34,1080826234.0,2017-06-18 22:09:21
1,7.82685899734,0.0,122184710.733,412,2007-01-01 00:00:19,2007-01-01 00:00:19,1167609619.0,2017-06-18 22:10:02
1,7.69536399841,0.0,122184710.733,412,2007-01-01 00:00:19,2007-01-01 00:00:19,1167609619.0,2017-06-18 22:10:10
1,7.7471601963,0.0,122184710.733,412,2007-01-01 00:00:19,2007-01-01 00:00:19,1167609619.0,2017-06-18 22:10:18
1,7.81503582001,0.0,122184710.733,412,2007-01-01 00:00:19,2007-01-01 00:00:19,1167609619.0,2017-06-18 22:10:26
1,7.71374893188,0.0,122184710.733,412,2007-01-01 00:00:19,2007-01-01 00:00:19,1167609619.0,2017-06-18 22:10:34
1,7.87575411797,0.0,122184710.733,412,2007-01-01 00:00:19,2007-01-01 00:00:19,1167609619.0,2017-06-18 22:10:41
1,7.74495911598,0.0,122184710.733,412,2007-01-01 00:00:19,2007-01-01 00:00:19,1167609619.0,2017-06-18 22:10:49
1,7.81285810471,0.0,122184710.733,412,2007-01-01 00:00:19,2007-01-01 00:00:19,1167609619.0,2017-06-18 22:10:57
1,7.88543605804,0.0,122184710.733,412,2007-01-01 00:00:19,2007-01-01 00:00:19,1167609619.0,2017-06-18 22:11:05
1,7.75098991394,0.0,122184710.733,412,2007-01-01 00:00:19,2007-01-01 00:00:19,1167609619.0,2017-06-18 22:11:13
1,0.560454845428,3944700.0,122184710.733,412,1999-01-01 00:00:19,1999-02-15 15:45:19,919093519.0,2017-06-18 22:12:45
1,40.4312140942,35502308.0,122184710.733,412,2003-07-02 15:00:47,2004-08-16 12:45:55,1092660355.0,2017-06-18 22:12:45
1,8.81165003777,0.0,122184710.733,412,2007-01-01 00:00:19,2007-01-01 00:00:19,1167609619.0,2017-06-18 22:13:26
1,7.6532189846,0.0,122184710.733,412,2007-01-01 00:00:19,2007-01-01 00:00:19,1167609619.0,2017-06-18 22:13:34
1,7.74076414108,0.0,122184710.733,412,2007-01-01 00:00:19,2007-01-01 00:00:19,1167609619.0,2017-06-18 22:13:42
1,7.73005604744,0.0,122184710.733,412,2007-01-01 00:00:19,2007-01-01 00:00:19,1167609619.0,2017-06-18 22:13:50
1,7.6037979126,0.0,122184710.733,412,2007-01-01 00:00:19,2007-01-01 00:00:19,1167609619.0,2017-06-18 22:13:58
1,8.55049800873,0.0,122184710.733,412,2007-01-01 00:00:19,2007-01-01 00:00:19,1167609619.0,2017-06-18 22:14:05
1,1.51013588905,23668202.0,122184710.733,412,1999-10-01 22:30:20,2000-07-01 21:00:22,962485222.0,2017-06-18 22:09:20
1,99.4209640026,55225806.0,122184710.733,412,2004-04-01 13:30:34,2005-12-31 18:00:40,1136052040.0,2017-06-18 22:09:21
1,9.46829104424,0.0,122184710.733,412,2007-01-01 00:00:19,2007-01-01 00:00:19,1167609619.0,2017-06-18 22:11:01
1,7.66949701309,0.0,122184710.733,412,2007-01-01 00:00:19,2007-01-01 00:00:19,1167609619.0,2017-06-18 22:11:10
1,1.18134999275,15778803.0,122184710.733,412,1999-10-01 22:30:22,2000-04-01 13:30:25,954595825.0,2017-06-18 22:12:45
1,9.32285404205,0.0,122184710.733,412,2007-01-01 00:00:19,2007-01-01 00:00:19,1167609619.0,2017-06-18 22:12:46
1,7.5269241333,0.0,122184710.733,412,2007-01-01 00:00:19,2007-01-01 00:00:19,1167609619.0,2017-06-18 22:12:55
1,7.71076107025,0.0,122184710.733,412,2007-01-01 00:00:19,2007-01-01 00:00:19,1167609619.0,2017-06-18 22:13:03
1,7.6990070343,0.0,122184710.733,412,2007-01-01 00:00:19,2007-01-01 00:00:19,1167609619.0,2017-06-18 22:13:10
1,7.80225205421,0.0,122184710.733,412,2007-01-01 00:00:19,2007-01-01 00:00:19,1167609619.0,2017-06-18 22:13:18
1,8.45143008232,0.0,122184710.733,412,2007-01-01 00:00:19,2007-01-01 00:00:19,1167609619.0,2017-06-18 22:13:26
1,7.53582811356,0.0,122184710.733,412,2007-01-01 00:00:19,2007-01-01 00:00:19,1167609619.0,2017-06-18 22:13:34
1,7.70826601982,0.0,122184710.733,412,2007-01-01 00:00:19,2007-01-01 00:00:19,1167609619.0,2017-06-18 22:13:42
1,7.6520190239,0.0,122184710.733,412,2007-01-01 00:00:19,2007-01-01 00:00:19,1167609619.0,2017-06-18 22:13:50
1,7.58352279663,0.0,122184710.733,412,2007-01-01 00:00:19,2007-01-01 00:00:19,1167609619.0,2017-06-18 22:13:57
1,7.88869595528,0.0,122184710.733,412,2007-01-01 00:00:19,2007-01-01 00:00:19,1167609619.0,2017-06-18 22:14:05
1,4.85119009018,31557603.0,122184710.733,412,2000-07-01 21:00:22,2001-07-02 03:00:25,994042825.0,2017-06-18 22:09:20
1,108.543337107,31557579.0,122184710.733,412,2005-12-31 18:00:40,2007-01-01 00:00:19,1167609619.0,2017-06-18 22:09:25
1,0.654250860214,7889401.0,122184710.733,412,1999-02-15 15:45:19,1999-05-17 23:15:20,926982920.0,2017-06-18 22:12:45
1,83.6704781055,39447009.0,122184710.733,412,2004-08-16 12:45:55,2005-11-16 02:16:04,1132107364.0,2017-06-18 22:12:45
1,7.94203281403,0.0,122184710.733,412,2007-01-01 00:00:19,2007-01-01 00:00:19,1167609619.0,2017-06-18 22:14:09
1,2.18068289757,19723504.0,122184710.733,412,2000-04-01 13:30:25,2000-11-15 20:15:29,974319329.0,2017-06-18 22:12:45
1,9.53497982025,0.0,122184710.733,412,2007-01-01 00:00:19,2007-01-01 00:00:19,1167609619.0,2017-06-18 22:12:47
1,7.89531993866,0.0,122184710.733,412,2007-01-01 00:00:19,2007-01-01 00:00:19,1167609619.0,2017-06-18 22:12:56
1,9.2407078743,0.0,122184710.733,412,2007-01-01 00:00:19,2007-01-01 00:00:19,1167609619.0,2017-06-18 22:13:04
1,9.65212011337,0.0,122184710.733,412,2007-01-01 00:00:19,2007-01-01 00:00:19,1167609619.0,2017-06-18 22:13:13
1,9.57417607307,0.0,122184710.733,412,2007-01-01 00:00:19,2007-01-01 00:00:19,1167609619.0,2017-06-18 22:13:23
1,9.10344099998,0.0,122184710.733,412,2007-01-01 00:00:19,2007-01-01 00:00:19,1167609619.0,2017-06-18 22:13:33
1,7.59647107124,0.0,122184710.733,412,2007-01-01 00:00:19,2007-01-01 00:00:19,1167609619.0,2017-06-18 22:13:42
1,9.43332004547,0.0,122184710.733,412,2007-01-01 00:00:19,2007-01-01 00:00:19,1167609619.0,2017-06-18 22:13:49
1,8.46377301216,0.0,122184710.733,412,2007-01-01 00:00:19,2007-01-01 00:00:19,1167609619.0,2017-06-18 22:13:59
1,9.00702500343,0.0,122184710.733,412,2007-01-01 00:00:19,2007-01-01 00:00:19,1167609619.0,2017-06-18 22:14:07
1,5.8464589119,23668205.0,122184710.733,412,2000-11-15 20:15:29,2001-08-16 18:45:34,997987534.0,2017-06-18 22:12:45
1,11.0097079277,0.0,122184710.733,412,2007-01-01 00:00:19,2007-01-01 00:00:19,1167609619.0,2017-06-18 22:12:51
1,10.5923361778,0.0,122184710.733,412,2007-01-01 00:00:19,2007-01-01 00:00:19,1167609619.0,2017-06-18 22:13:02
1,10.5872089863,0.0,122184710.733,412,2007-01-01 00:00:19,2007-01-01 00:00:19,1167609619.0,2017-06-18 22:13:12
1,10.6816170216,0.0,122184710.733,412,2007-01-01 00:00:19,2007-01-01 00:00:19,1167609619.0,2017-06-18 22:13:23
1,10.6039950848,0.0,122184710.733,412,2007-01-01 00:00:19,2007-01-01 00:00:19,1167609619.0,2017-06-18 22:13:33
1,10.5022389889,0.0,122184710.733,412,2007-01-01 00:00:19,2007-01-01 00:00:19,1167609619.0,2017-06-18 22:13:44
1,10.5658218861,0.0,122184710.733,412,2007-01-01 00:00:19,2007-01-01 00:00:19,1167609619.0,2017-06-18 22:13:55
1,10.6333539486,0.0,122184710.733,412,2007-01-01 00:00:19,2007-01-01 00:00:19,1167609619.0,2017-06-18 22:14:05
1,12.0450470448,27612906.0,122184710.733,412,2001-08-16 18:45:34,2002-07-02 09:00:40,1025600440.0,2017-06-18 22:12:45
1,8.73099708557,0.0,122184710.733,412,2007-01-01 00:00:19,2007-01-01 00:00:19,1167609619.0,2017-06-18 22:12:57
1,7.72861599922,0.0,122184710.733,412,2007-01-01 00:00:19,2007-01-01 00:00:19,1167609619.0,2017-06-18 22:13:05
1,8.00632500648,0.0,122184710.733,412,2007-01-01 00:00:19,2007-01-01 00:00:19,1167609619.0,2017-06-18 22:13:13
1,7.95539093018,0.0,122184710.733,412,2007-01-01 00:00:19,2007-01-01 00:00:19,1167609619.0,2017-06-18 22:13:21
1,7.7536740303,0.0,122184710.733,412,2007-01-01 00:00:19,2007-01-01 00:00:19,1167609619.0,2017-06-18 22:13:29
1,7.74262595177,0.0,122184710.733,412,2007-01-01 00:00:19,2007-01-01 00:00:19,1167609619.0,2017-06-18 22:13:37
1,7.75214505196,0.0,122184710.733,412,2007-01-01 00:00:19,2007-01-01 00:00:19,1167609619.0,2017-06-18 22:13:45
1,7.8024969101,0.0,122184710.733,412,2007-01-01 00:00:19,2007-01-01 00:00:19,1167609619.0,2017-06-18 22:13:52
1,7.96915102005,0.0,122184710.733,412,2007-01-01 00:00:19,2007-01-01 00:00:19,1167609619.0,2017-06-18 22:14:00
1,7.88641500473,0.0,122184710.733,412,2007-01-01 00:00:19,2007-01-01 00:00:19,1167609619.0,2017-06-18 22:14:08
1,29.7329721451,31557607.0,122184710.733,412,2002-07-02 09:00:40,2003-07-02 15:00:47,1057158047.0,2017-06-18 22:12:45
1,10.1753988266,0.0,122184710.733,412,2007-01-01 00:00:19,2007-01-01 00:00:19,1167609619.0,2017-06-18 22:13:14
1,9.75761604309,0.0,122184710.733,412,2007-01-01 00:00:19,2007-01-01 00:00:19,1167609619.0,2017-06-18 22:13:25
1,9.69249486923,0.0,122184710.733,412,2007-01-01 00:00:19,2007-01-01 00:00:19,1167609619.0,2017-06-18 22:13:34
1,9.71231389046,0.0,122184710.733,412,2007-01-01 00:00:19,2007-01-01 00:00:19,1167609619.0,2017-06-18 22:13:44
1,9.66836595535,0.0,122184710.733,412,2007-01-01 00:00:19,2007-01-01 00:00:19,1167609619.0,2017-06-18 22:13:54
1,8.39595389366,0.0,122184710.733,412,2007-01-01 00:00:19,2007-01-01 00:00:19,1167609619.0,2017-06-18 22:14:03
1,7.95495915413,0.0,122184710.733,412,2007-01-01 00:00:19,2007-01-01 00:00:19,1167609619.0,2017-06-18 22:14:12
1,29.7329721451,31557607.0,122184710.733,412,2002-07-02 09:00:40,2003-07-02 15:00:47,1057158047.0,2017-06-18 22:12:45
1,10.1753988266,0.0,122184710.733,412,2007-01-01 00:00:19,2007-01-01 00:00:19,1167609619.0,2017-06-18 22:13:14
1,9.75761604309,0.0,122184710.733,412,2007-01-01 00:00:19,2007-01-01 00:00:19,1167609619.0,2017-06-18 22:13:25
1,9.69249486923,0.0,122184710.733,412,2007-01-01 00:00:19,2007-01-01 00:00:19,1167609619.0,2017-06-18 22:13:34
1,9.71231389046,0.0,122184710.733,412,2007-01-01 00:00:19,2007-01-01 00:00:19,1167609619.0,2017-06-18 22:13:44
1,9.66836595535,0.0,122184710.733,412,2007-01-01 00:00:19,2007-01-01 00:00:19,1167609619.0,2017-06-18 22:13:54
1,8.39595389366,0.0,122184710.733,412,2007-01-01 00:00:19,2007-01-01 00:00:19,1167609619.0,2017-06-18 22:14:03
1,7.95495915413,0.0,122184710.733,412,2007-01-01 00:00:19,2007-01-01 00:00:19,1167609619.0,2017-06-18 22:14:12
1,24.2807369232,126230400.0,122184710.733,412,1999-01-01 00:00:19,2003-01-01 00:00:19,1041379219.0,2017-06-18 22:26:48
1,61.820786953,63115200.0,122184710.733,412,2003-01-01 00:00:19,2004-12-31 12:00:19,1104494419.0,2017-06-18 22:27:12
1,59.7433550358,31557600.0,122184710.733,412,2004-12-31 12:00:19,2005-12-31 18:00:19,1136052019.0,2017-06-18 22:28:14
1,247.636766911,252460800.0,122184710.733,412,1999-01-01 00:00:19,2007-01-01 00:00:19,1167609619.0,2017-06-18 22:26:48
1,101.751909971,31557600.0,122184710.733,412,2005-12-31 18:00:19,2007-01-01 00:00:19,1167609619.0,2017-06-18 22:29:14
1,27.0386519432,126230400.0,122184710.733,412,1999-01-01 00:00:19,2003-01-01 00:00:19,1041379219.0,2017-06-18 22:36:34
1,63.8578619957,63115200.0,122184710.733,412,2003-01-01 00:00:19,2004-12-31 12:00:19,1104494419.0,2017-06-18 22:37:01
1,62.2799079418,31557600.0,122184710.733,412,2004-12-31 12:00:19,2005-12-31 18:00:19,1136052019.0,2017-06-18 22:38:05
1,249.361655951,252460800.0,122184710.733,412,1999-01-01 00:00:19,2007-01-01 00:00:19,1167609619.0,2017-06-18 22:36:34
1,96.1416549683,31557600.0,122184710.733,412,2005-12-31 18:00:19,2007-01-01 00:00:19,1167609619.0,2017-06-18 22:39:07
1,26.2182161808,126230400.0,122184710.733,412,1999-01-01 00:00:19,2003-01-01 00:00:19,1041379219.0,2017-06-18 22:47:57
1,61.1479599476,31557600.0,122184710.733,412,2004-12-31 12:00:19,2005-12-31 18:00:19,1136052019.0,2017-06-18 22:48:23
1,27.9042248726,7889400.0,122184710.733,412,2006-07-02 09:00:19,2006-10-01 16:30:19,1159720219.0,2017-06-18 22:49:25
1,16.7196660042,3944700.0,122184710.733,412,2006-10-01 16:30:19,2006-11-16 08:15:19,1163664919.0,2017-06-18 22:49:52
1,16.6601688862,1972350.0,122184710.733,412,2006-12-09 04:07:49,2007-01-01 00:00:19,1167609619.0,2017-06-18 22:50:09
1,26.2529480457,126230400.0,122184710.733,412,1999-01-01 00:00:19,2003-01-01 00:00:19,1041379219.0,2017-06-18 22:51:47
1,28.8254561424,7889400.0,122184710.733,412,2006-07-02 09:00:19,2006-10-01 16:30:19,1159720219.0,2017-06-18 22:52:13
1,16.4320440292,3944700.0,122184710.733,412,2006-10-01 16:30:19,2006-11-16 08:15:19,1163664919.0,2017-06-18 22:52:42
1,8.5874710083,246543.0,122184710.733,412,2006-12-26 07:02:11,2006-12-29 03:31:14,1167363074.0,2017-06-18 22:52:58
1,8.25347399712,30817.0,122184710.733,412,2006-12-31 06:53:00,2006-12-31 15:26:37,1167578797.0,2017-06-18 22:53:07
1,66.9770710468,31557600.0,122184710.733,412,2004-12-31 12:00:19,2005-12-31 18:00:19,1136052019.0,2017-06-18 23:13:36
1,66.8680899143,63115200.0,122184710.733,412,2003-01-01 00:00:19,2004-12-31 12:00:19,1104494419.0,2017-06-18 22:47:57
1,54.7805452347,15778800.0,122184710.733,412,2005-12-31 18:00:19,2006-07-02 09:00:19,1151830819.0,2017-06-18 22:49:04
1,18.9100298882,1972350.0,122184710.733,412,2006-11-16 08:15:19,2006-12-09 04:07:49,1165637269.0,2017-06-18 22:49:59
1,63.5763537884,63115200.0,122184710.733,412,2003-01-01 00:00:19,2004-12-31 12:00:19,1104494419.0,2017-06-18 22:51:47
1,9.6112370491,986175.0,122184710.733,412,2006-12-09 04:07:49,2006-12-20 14:04:04,1166623444.0,2017-06-18 22:52:50
1,7.63376402855,123271.0,122184710.733,412,2006-12-29 03:31:14,2006-12-30 13:45:45,1167486345.0,2017-06-18 22:53:00
1,7.49557518959,15408.0,122184710.733,412,2006-12-31 15:26:37,2006-12-31 19:43:25,1167594205.0,2017-06-18 22:53:07
1,72.3210811615,63115200.0,122184710.733,412,2003-01-01 00:00:19,2004-12-31 12:00:19,1104494419.0,2017-06-18 23:13:36
1,71.4640569687,31557600.0,122184710.733,412,2004-12-31 12:00:19,2005-12-31 18:00:19,1136052019.0,2017-06-18 22:51:47
1,9.95044398308,493087.0,122184710.733,412,2006-12-20 14:04:04,2006-12-26 07:02:11,1167116531.0,2017-06-18 22:52:58
1,8.53258514404,7704.0,122184710.733,412,2006-12-31 19:43:25,2006-12-31 21:51:49,1167601909.0,2017-06-18 22:53:08
1,62.2331988811,15778800.0,122184710.733,412,2005-12-31 18:00:19,2006-07-02 09:00:19,1151830819.0,2017-06-18 23:13:36
1,57.1496729851,15778800.0,122184710.733,412,2005-12-31 18:00:19,2006-07-02 09:00:19,1151830819.0,2017-06-18 22:51:47
1,18.2044079304,1972350.0,122184710.733,412,2006-11-16 08:15:19,2006-12-09 04:07:49,1165637269.0,2017-06-18 22:52:44
1,7.78341889381,61635.0,122184710.733,412,2006-12-30 13:45:45,2006-12-31 06:53:00,1167547980.0,2017-06-18 22:53:02
1,15.5219931602,7710.0,122184710.733,412,2006-12-31 21:51:49,2007-01-01 00:00:19,1167609619.0,2017-06-18 22:53:10
1,30.7039580345,126230400.0,122184710.733,412,1999-01-01 00:00:19,2003-01-01 00:00:19,1041379219.0,2017-06-18 23:13:36
1,9.0092279911,3852.0,122184710.733,412,2006-12-31 21:51:49,2006-12-31 22:56:01,1167605761.0,2017-06-18 23:14:07
1,7.70927906036,240.0,122184710.733,412,2006-12-31 23:52:11,2006-12-31 23:56:11,1167609371.0,2017-06-18 23:14:16
1,7.8264040947,15.0,122184710.733,412,2006-12-31 23:59:41,2006-12-31 23:59:56,1167609596.0,2017-06-18 23:14:24
1,32.5894060135,7889400.0,122184710.733,412,2006-07-02 09:00:19,2006-10-01 16:30:19,1159720219.0,2017-06-18 23:13:36
1,9.89481115341,1926.0,122184710.733,412,2006-12-31 22:56:01,2006-12-31 23:28:07,1167607687.0,2017-06-18 23:14:09
1,9.00496387482,30.0,122184710.733,412,2006-12-31 23:59:11,2006-12-31 23:59:41,1167609581.0,2017-06-18 23:14:19
1,18.555672884,3944700.0,122184710.733,412,2006-10-01 16:30:19,2006-11-16 08:15:19,1163664919.0,2017-06-18 23:13:36
1,10.1991140842,123271.0,122184710.733,412,2006-12-29 03:31:14,2006-12-30 13:45:45,1167486345.0,2017-06-18 23:13:55
1,9.74442601204,15408.0,122184710.733,412,2006-12-31 15:26:37,2006-12-31 19:43:25,1167594205.0,2017-06-18 23:14:05
1,9.7100789547,481.0,122184710.733,412,2006-12-31 23:44:10,2006-12-31 23:52:11,1167609131.0,2017-06-18 23:14:15
1,19.0894720554,7.0,122184710.733,412,2006-12-31 23:59:56,2007-01-01 00:00:03,1167609603.0,2017-06-18 23:14:24
1,19.916795969,1972350.0,122184710.733,412,2006-11-16 08:15:19,2006-12-09 04:07:49,1165637269.0,2017-06-18 23:13:36
1,10.1531898975,61635.0,122184710.733,412,2006-12-30 13:45:45,2006-12-31 06:53:00,1167547980.0,2017-06-18 23:13:56
1,10.203099966,7704.0,122184710.733,412,2006-12-31 19:43:25,2006-12-31 21:51:49,1167601909.0,2017-06-18 23:14:06
1,10.0858511925,120.0,122184710.733,412,2006-12-31 23:56:11,2006-12-31 23:58:11,1167609491.0,2017-06-18 23:14:16
1,10.4216759205,1.0,122184710.733,412,2007-01-01 00:00:06,2007-01-01 00:00:07,1167609607.0,2017-06-18 23:14:27
1,8.94394898415,986175.0,122184710.733,412,2006-12-09 04:07:49,2006-12-20 14:04:04,1166623444.0,2017-06-18 23:13:36
1,8.51129007339,493087.0,122184710.733,412,2006-12-20 14:04:04,2006-12-26 07:02:11,1167116531.0,2017-06-18 23:13:45
1,7.56121516228,246543.0,122184710.733,412,2006-12-26 07:02:11,2006-12-29 03:31:14,1167363074.0,2017-06-18 23:13:54
1,7.96918487549,30817.0,122184710.733,412,2006-12-31 06:53:00,2006-12-31 15:26:37,1167578797.0,2017-06-18 23:14:01
1,8.25118017197,963.0,122184710.733,412,2006-12-31 23:28:07,2006-12-31 23:44:10,1167608650.0,2017-06-18 23:14:09
1,7.39720201492,60.0,122184710.733,412,2006-12-31 23:58:11,2006-12-31 23:59:11,1167609551.0,2017-06-18 23:14:17
1,7.80577206612,3.0,122184710.733,412,2007-01-01 00:00:03,2007-01-01 00:00:06,1167609606.0,2017-06-18 23:14:25
1,8.94394898415,986175.0,122184710.733,412,2006-12-09 04:07:49,2006-12-20 14:04:04,1166623444.0,2017-06-18 23:13:36
1,8.51129007339,493087.0,122184710.733,412,2006-12-20 14:04:04,2006-12-26 07:02:11,1167116531.0,2017-06-18 23:13:45
1,7.56121516228,246543.0,122184710.733,412,2006-12-26 07:02:11,2006-12-29 03:31:14,1167363074.0,2017-06-18 23:13:54
1,7.96918487549,30817.0,122184710.733,412,2006-12-31 06:53:00,2006-12-31 15:26:37,1167578797.0,2017-06-18 23:14:01
1,8.25118017197,963.0,122184710.733,412,2006-12-31 23:28:07,2006-12-31 23:44:10,1167608650.0,2017-06-18 23:14:09
1,7.39720201492,60.0,122184710.733,412,2006-12-31 23:58:11,2006-12-31 23:59:11,1167609551.0,2017-06-18 23:14:17
1,7.80577206612,3.0,122184710.733,412,2007-01-01 00:00:03,2007-01-01 00:00:06,1167609606.0,2017-06-18 23:14:25
1,25.1814620495,126230400.0,122184710.733,412,1999-01-01 00:00:19,2003-01-01 00:00:19,1041379219.0,2017-06-18 23:35:13
1,8.34797477722,7704.0,122184710.733,412,2006-12-31 19:43:25,2006-12-31 21:51:49,1167601909.0,2017-06-18 23:35:38
1,8.25855994225,240.0,122184710.733,412,2006-12-31 23:52:11,2006-12-31 23:56:11,1167609371.0,2017-06-18 23:35:46
1,16.8026468754,7.0,122184710.733,412,2006-12-31 23:59:56,2007-01-01 00:00:03,1167609603.0,2017-06-18 23:35:55
1,73.8630239964,63115200.0,122184710.733,412,2003-01-01 00:00:19,2004-12-31 12:00:19,1104494419.0,2017-06-18 23:35:13
1,76.9233641624,31557600.0,122184710.733,412,2004-12-31 12:00:19,2005-12-31 18:00:19,1136052019.0,2017-06-18 23:35:13
1,57.9871881008,15778800.0,122184710.733,412,2005-12-31 18:00:19,2006-07-02 09:00:19,1151830819.0,2017-06-18 23:35:13
1,32.1758978367,7889400.0,122184710.733,412,2006-07-02 09:00:19,2006-10-01 16:30:19,1159720219.0,2017-06-18 23:35:13
1,9.32227301598,963.0,122184710.733,412,2006-12-31 23:28:07,2006-12-31 23:44:10,1167608650.0,2017-06-18 23:35:45
1,9.37164711952,15.0,122184710.733,412,2006-12-31 23:59:41,2006-12-31 23:59:56,1167609596.0,2017-06-18 23:35:54
1,18.8621017933,3944700.0,122184710.733,412,2006-10-01 16:30:19,2006-11-16 08:15:19,1163664919.0,2017-06-18 23:35:13
1,9.38781690598,61635.0,122184710.733,412,2006-12-30 13:45:45,2006-12-31 06:53:00,1167547980.0,2017-06-18 23:35:32
1,9.36318993568,3852.0,122184710.733,412,2006-12-31 21:51:49,2006-12-31 22:56:01,1167605761.0,2017-06-18 23:35:41
1,9.97644805908,120.0,122184710.733,412,2006-12-31 23:56:11,2006-12-31 23:58:11,1167609491.0,2017-06-18 23:35:50
1,10.1133999825,1.0,122184710.733,412,2007-01-01 00:00:06,2007-01-01 00:00:07,1167609607.0,2017-06-18 23:36:00
1,15.0987169743,1972350.0,122184710.733,412,2006-11-16 08:15:19,2006-12-09 04:07:49,1165637269.0,2017-06-18 23:35:13
1,7.76798200607,246543.0,122184710.733,412,2006-12-26 07:02:11,2006-12-29 03:31:14,1167363074.0,2017-06-18 23:35:28
1,7.41934800148,30817.0,122184710.733,412,2006-12-31 06:53:00,2006-12-31 15:26:37,1167578797.0,2017-06-18 23:35:36
1,7.60374403,1926.0,122184710.733,412,2006-12-31 22:56:01,2006-12-31 23:28:07,1167607687.0,2017-06-18 23:35:43
1,7.69160199165,60.0,122184710.733,412,2006-12-31 23:58:11,2006-12-31 23:59:11,1167609551.0,2017-06-18 23:35:51
1,7.50571012497,3.0,122184710.733,412,2007-01-01 00:00:03,2007-01-01 00:00:06,1167609606.0,2017-06-18 23:35:58
1,8.06092882156,986175.0,122184710.733,412,2006-12-09 04:07:49,2006-12-20 14:04:04,1166623444.0,2017-06-18 23:35:13
1,7.8503408432,493087.0,122184710.733,412,2006-12-20 14:04:04,2006-12-26 07:02:11,1167116531.0,2017-06-18 23:35:21
1,8.6590590477,123271.0,122184710.733,412,2006-12-29 03:31:14,2006-12-30 13:45:45,1167486345.0,2017-06-18 23:35:29
1,7.70038604736,15408.0,122184710.733,412,2006-12-31 15:26:37,2006-12-31 19:43:25,1167594205.0,2017-06-18 23:35:37
1,8.77369904518,481.0,122184710.733,412,2006-12-31 23:44:10,2006-12-31 23:52:11,1167609131.0,2017-06-18 23:35:45
1,7.50244307518,30.0,122184710.733,412,2006-12-31 23:59:11,2006-12-31 23:59:41,1167609581.0,2017-06-18 23:35:54
1,8.06092882156,986175.0,122184710.733,412,2006-12-09 04:07:49,2006-12-20 14:04:04,1166623444.0,2017-06-18 23:35:13
1,7.8503408432,493087.0,122184710.733,412,2006-12-20 14:04:04,2006-12-26 07:02:11,1167116531.0,2017-06-18 23:35:21
1,8.6590590477,123271.0,122184710.733,412,2006-12-29 03:31:14,2006-12-30 13:45:45,1167486345.0,2017-06-18 23:35:29
1,7.70038604736,15408.0,122184710.733,412,2006-12-31 15:26:37,2006-12-31 19:43:25,1167594205.0,2017-06-18 23:35:37
1,8.77369904518,481.0,122184710.733,412,2006-12-31 23:44:10,2006-12-31 23:52:11,1167609131.0,2017-06-18 23:35:45
1,7.50244307518,30.0,122184710.733,412,2006-12-31 23:59:11,2006-12-31 23:59:41,1167609581.0,2017-06-18 23:35:54
1,236.699892044,252460800.0,122184710.733,412,1999-01-01 00:00:19,2007-01-01 00:00:19,1167609619.0,2017-06-18 23:41:11
1,236.671292782,252460800.0,122184710.733,412,1999-01-01 00:00:19,2007-01-01 00:00:19,1167609619.0,2017-06-18 23:41:11
1,24.1058950424,126230400.0,122184710.733,412,1999-01-01 00:00:19,2003-01-01 00:00:19,1041379219.0,2017-06-18 23:47:11
1,2.54700803757,63115200.0,122184710.733,412,1999-01-01 00:00:19,2000-12-31 12:00:19,978264019.0,2017-06-18 23:52:56
1,0.970572948456,31557600.0,122184710.733,412,1999-01-01 00:00:19,2000-01-01 06:00:19,946706419.0,2017-06-18 23:59:07
1,243.979019165,126230400.0,122184710.733,412,2003-01-01 00:00:19,2007-01-01 00:00:19,1167609619.0,2017-06-18 23:47:11
1,96.7794001102,126230401.0,122184710.733,412,2000-12-31 12:00:19,2004-12-31 12:00:20,1104494420.0,2017-06-18 23:52:55
1,8.99348211288,63115201.0,122184710.733,412,2000-01-01 06:00:19,2001-12-31 18:00:20,1009821620.0,2017-06-18 23:59:07
1,180.262517929,63115199.0,122184710.733,412,2004-12-31 12:00:20,2007-01-01 00:00:19,1167609619.0,2017-06-18 23:52:55
1,88.8386440277,94672802.0,122184710.733,412,2001-12-31 18:00:20,2004-12-31 12:00:22,1104494422.0,2017-06-18 23:59:07
1,7.59027719498,0.0,122184710.733,412,2007-01-01 00:00:19,2007-01-01 00:00:19,1167609619.0,2017-06-18 23:52:55
1,165.2703228,63115197.0,122184710.733,412,2004-12-31 12:00:22,2007-01-01 00:00:19,1167609619.0,2017-06-18 23:59:07
1,8.57595705986,0.0,122184710.733,412,2007-01-01 00:00:19,2007-01-01 00:00:19,1167609619.0,2017-06-18 23:59:07
1,9.59333109856,0.0,122184710.733,412,2007-01-01 00:00:19,2007-01-01 00:00:19,1167609619.0,2017-06-18 23:59:07
1,9.07486987114,0.0,122184710.733,412,2007-01-01 00:00:19,2007-01-01 00:00:19,1167609619.0,2017-06-18 23:59:07
1,10.0209829807,0.0,122184710.733,412,2007-01-01 00:00:19,2007-01-01 00:00:19,1167609619.0,2017-06-18 23:59:07
1,10.0209829807,0.0,122184710.733,412,2007-01-01 00:00:19,2007-01-01 00:00:19,1167609619.0,2017-06-18 23:59:07
1,24.8800621033,126230400.0,8.75238436098e+11,412,1999-01-01 00:00:19,2003-01-01 00:00:19,1041379219.0,2017-06-19 01:42:40
1,23.7639389038,126230400.0,5.90785944366e+11,412,1999-01-01 00:00:19,2003-01-01 00:00:19,1041379219.0,2017-06-19 01:43:04
1,21.915296793,126230400.0,4.04778271816e+11,412,1999-01-01 00:00:19,2003-01-01 00:00:19,1041379219.0,2017-06-19 01:43:25
1,62.7934708595,63115200.0,8.75238436098e+11,412,2003-01-01 00:00:19,2004-12-31 12:00:19,1104494419.0,2017-06-19 01:44:28
1,63.6629991531,31557600.0,8.75238436098e+11,412,2004-12-31 12:00:19,2005-12-31 18:00:19,1136052019.0,2017-06-19 01:45:32
1,99.3242402077,31557600.0,8.75238436098e+11,412,2005-12-31 18:00:19,2007-01-01 00:00:19,1167609619.0,2017-06-19 01:47:11
1,24.6262550354,126230400.0,4.04778271816e+11,412,1999-01-01 00:00:19,2003-01-01 00:00:19,1041379219.0,2017-06-19 01:47:36
1,60.9749858379,63115200.0,4.04778271816e+11,412,2003-01-01 00:00:19,2004-12-31 12:00:19,1104494419.0,2017-06-19 01:48:37
1,61.0319051743,31557600.0,4.04778271816e+11,412,2004-12-31 12:00:19,2005-12-31 18:00:19,1136052019.0,2017-06-19 01:49:38
1,96.754899025,31557600.0,4.04778271816e+11,412,2005-12-31 18:00:19,2007-01-01 00:00:19,1167609619.0,2017-06-19 01:51:15
1,60.6176390648,63115200.0,4.04778271816e+11,412,2003-01-01 00:00:19,2004-12-31 12:00:19,1104494419.0,2017-06-19 01:52:15
1,60.9863390923,31557600.0,4.04778271816e+11,412,2004-12-31 12:00:19,2005-12-31 18:00:19,1136052019.0,2017-06-19 01:53:16
1,97.229334116,31557600.0,4.04778271816e+11,412,2005-12-31 18:00:19,2007-01-01 00:00:19,1167609619.0,2017-06-19 01:54:53
1,26.0219590664,126230400.0,4.04778271816e+11,412,1999-01-01 00:00:19,2003-01-01 00:00:19,1041379219.0,2017-06-19 01:55:20
1,64.2606160641,63115200.0,4.04778271816e+11,412,2003-01-01 00:00:19,2004-12-31 12:00:19,1104494419.0,2017-06-19 01:56:24
1,64.9766271114,31557600.0,4.04778271816e+11,412,2004-12-31 12:00:19,2005-12-31 18:00:19,1136052019.0,2017-06-19 01:57:29
1,97.6615459919,31557600.0,4.04778271816e+11,412,2005-12-31 18:00:19,2007-01-01 00:00:19,1167609619.0,2017-06-19 01:59:06
1,24.2245030403,126230400.0,4.04778271816e+11,412,1999-01-01 00:00:19,2003-01-01 00:00:19,1041379219.0,2017-06-19 01:59:31
1,63.0591640472,63115200.0,4.04778271816e+11,412,2003-01-01 00:00:19,2004-12-31 12:00:19,1104494419.0,2017-06-19 02:00:34
1,62.2392251492,31557600.0,4.04778271816e+11,412,2004-12-31 12:00:19,2005-12-31 18:00:19,1136052019.0,2017-06-19 02:01:36
1,94.227752924,31557600.0,4.04778271816e+11,412,2005-12-31 18:00:19,2007-01-01 00:00:19,1167609619.0,2017-06-19 02:03:10
1,23.4641239643,126230400.0,4.04778271816e+11,412,1999-01-01 00:00:19,2003-01-01 00:00:19,1041379219.0,2017-06-19 02:03:34
1,61.3810338974,63115200.0,4.04778271816e+11,412,2003-01-01 00:00:19,2004-12-31 12:00:19,1104494419.0,2017-06-19 02:04:35
1,66.9503619671,31557600.0,4.04778271816e+11,412,2004-12-31 12:00:19,2005-12-31 18:00:19,1136052019.0,2017-06-19 02:05:42
1,99.6696741581,31557600.0,4.04778271816e+11,412,2005-12-31 18:00:19,2007-01-01 00:00:19,1167609619.0,2017-06-19 02:07:22
1,14.973236084,110462400.0,4.04778271816e+11,412,1999-01-01 00:00:19,2002-07-02 12:00:19,1025611219.0,2017-06-19 02:07:37
1,42.3282620907,55231200.0,4.04778271816e+11,412,2002-07-02 12:00:19,2004-04-01 18:00:19,1080842419.0,2017-06-19 02:08:19
1,40.7928948402,27615600.0,4.04778271816e+11,412,2004-04-01 18:00:19,2005-02-15 09:00:19,1108458019.0,2017-06-19 02:09:00
1,61.2014420033,27615600.0,4.04778271816e+11,412,2005-02-15 09:00:19,2006-01-01 00:00:19,1136073619.0,2017-06-19 02:10:01
